GEOID,county.occ
01001,20534
01003,76014
01005,9431
01007,6941
01009,16310
01011,3100
01013,6408
01015,42121
01017,14852
01019,14303
01021,15346
01023,5339
01025,9851
01027,4585
01029,6110
01031,19764
01033,21449
01035,5087
01037,6916
01039,15798
01041,5227
01043,30412
01045,16713
01047,16493
01049,25080
01051,31164
01053,13464
01055,39939
01057,4893
01059,12139
01061,10671
01063,2946
01065,6370
01067,7844
01069,39999
01071,21304
01073,261284
01075,6148
01077,38904
01079,14893
01081,57588
01083,31804
01085,4116
01087,7594
01089,142601
01091,7675
01093,11972
01095,36575
01097,153929
01099,7752
01101,89955
01103,43827
01105,2808
01107,7529
01109,13322
01111,8817
01113,22801
01115,29721
01117,87095
01119,5045
01121,29115
01123,14623
01125,68784
01127,25038
01129,6064
01131,4126
01133,10246
02013,812
02016,1218
02020,100097
02050,10374
02060,226
02068,800
02070,1405
02090,29407
02100,1119
02105,770
02110,12273
02122,21779
02130,5270
02150,4538
02158,1752
02164,540
02170,30845
02180,2897
02185,2041
02188,1842
02195,1255
02198,2315
02220,3545
02230,423
02240,2188
02261,2656
02275,1084
02282,255
02290,8736
04001,19124
04003,49701
04005,45804
04007,23400
04009,11020
04011,3366
04012,8798
04013,1462484
04015,84427
04017,31977
04019,390881
04021,167599
04023,15739
04025,95865
04027,71475
05001,7916
05003,8075
05005,19105
05007,88088
05009,14377
05011,4648
05013,1703
05015,11113
05017,3535
05019,9621
05021,6443
05023,10590
05025,3069
05027,8826
05029,7673
05031,40130
05033,22554
05035,19301
05037,6674
05039,3620
05041,5538
05043,7835
05045,43645
05047,9098
05049,4500
05051,43096
05053,5977
05055,16514
05057,7211
05059,10963
05061,5886
05063,13700
05065,4363
05067,6986
05069,27379
05071,9514
05073,3407
05075,6026
05077,3318
05079,3823
05081,5291
05083,8193
05085,27880
05087,7886
05089,6639
05091,17020
05093,17098
05095,3279
05097,3714
05099,3494
05101,3011
05103,10480
05105,3936
05107,7925
05109,4025
05111,9733
05113,8123
05115,23411
05117,3498
05119,153405
05121,8307
05123,8843
05125,42060
05127,3199
05129,3537
05131,50280
05133,6022
05135,8167
05137,4723
05139,16276
05141,6537
05143,85699
05145,28870
05147,2946
05149,7833
06001,570923
06003,1692
06005,14207
06007,86508
06009,16431
06011,7119
06013,392030
06015,9683
06017,68065
06019,297410
06021,10062
06023,54010
06025,44864
06027,2250
06029,260727
06031,37560
06033,26279
06035,10773
06037,3292744
06039,44972
06041,104536
06043,6808
06045,34098
06047,78877
06049,3990
06051,10609
06053,122876
06055,49352
06057,30774
06059,1026969
06061,147135
06063,7496
06065,712764
06067,532726
06069,18198
06071,623660
06073,1110517
06075,358748
06077,218748
06079,103519
06081,254339
06083,156771
06085,636164
06087,100846
06089,67290
06091,2092
06093,18634
06095,146830
06097,190112
06099,172171
06101,32567
06103,26154
06105,5433
06107,144331
06109,22845
06111,262120
06113,72990
06115,26179
08001,169812
08003,6070
08005,210466
08007,5456
08009,1622
08011,2055
08013,111374
08014,27007
08015,7907
08017,768
08019,12655
08021,2984
08023,1543
08025,1174
08027,2152
08029,11897
08031,290097
08033,673
08035,113685
08037,14669
08039,8966
08041,248178
08043,16648
08045,15779
08047,2408
08049,5712
08051,6456
08053,328
08055,3709
08057,597
08059,238131
08061,576
08063,3057
08065,3324
08067,21987
08069,128161
08071,6326
08073,980
08075,8126
08077,60253
08079,398
08081,5096
08083,10599
08085,17206
08087,10345
08089,6872
08091,1928
08093,6966
08095,1810
08097,11570
08099,4613
08101,63660
08103,6981
08105,4668
08107,9531
08109,2675
08111,235
08113,3527
08115,998
08117,9455
08119,10185
08121,2113
08123,113483
08125,3985
09001,337709
09003,348963
09005,74409
09007,66297
09009,327475
09011,107664
09013,54756
09015,44482
10001,68481
10003,201828
10005,82048
11001,277985
12001,102668
12003,8260
12005,69260
12007,7993
12009,229523
12011,675828
12013,4477
12015,74439
12017,62355
12019,70852
12021,137627
12023,25654
12027,11752
12029,6130
12031,348516
12033,120435
12035,38370
12037,4134
12039,17310
12041,6178
12043,11659
12045,5468
12047,3831
12049,7782
12051,13100
12053,69727
12055,41253
12057,514394
12059,6470
12061,55876
12063,17885
12065,5062
12067,3818
12069,130933
12071,263967
12073,112361
12075,14343
12077,2325
12079,6990
12081,144769
12083,131610
12085,60660
12086,858316
12087,30167
12089,30430
12091,77699
12093,5379
12095,444325
12097,93532
12099,539307
12101,188970
12103,406871
12105,228548
12107,26622
12109,83744
12111,116986
12113,57860
12115,174753
12117,167494
12119,53057
12121,13501
12123,8018
12125,4134
12127,211367
12129,11280
12131,24301
12133,7772
13001,6695
13003,3415
13005,3574
13007,808
13009,16059
13011,8835
13013,25969
13015,36743
13017,6880
13019,7778
13021,52054
13023,4471
13025,5805
13027,5811
13029,13747
13031,25043
13033,6727
13035,9348
13037,1536
13039,18809
13043,4053
13045,47857
13047,18615
13049,3641
13051,108994
13053,4525
13055,10079
13057,88782
13059,42284
13061,995
13063,85143
13065,2392
13067,273889
13069,14379
13071,14973
13073,49407
13075,6391
13077,50263
13079,2070
13081,8201
13083,5836
13085,10524
13087,10136
13089,283659
13091,8390
13093,5180
13095,37156
13097,48519
13099,4644
13101,4195
13103,17965
13105,8129
13107,9256
13109,4187
13111,10248
13113,40504
13115,34216
13117,52245
13119,10091
13121,412107
13123,10970
13125,1157
13127,33170
13129,20214
13131,8111
13133,6671
13135,263088
13137,13416
13139,62940
13141,3010
13143,9943
13145,15693
13147,8562
13149,3607
13151,77798
13153,53023
13155,3097
13157,29379
13159,4850
13161,5274
13163,6103
13165,3198
13167,2964
13169,18693
13171,6052
13173,2671
13175,17301
13177,9325
13179,24047
13181,3299
13183,3732
13185,39096
13187,9565
13189,8150
13191,5717
13193,4470
13195,10047
13197,3385
13199,7229
13201,2494
13205,8981
13207,7476
13209,1978
13211,6495
13213,13420
13215,71209
13217,36101
13219,12784
13221,6520
13223,37850
13225,13557
13227,11080
13229,6842
13231,6297
13233,16984
13235,4736
13237,8167
13239,979
13241,6394
13243,3109
13245,69893
13247,29736
13249,1882
13251,5273
13253,3454
13255,22460
13257,9033
13259,1976
13261,11720
13263,1714
13265,725
13267,8596
13269,4031
13271,4638
13273,3303
13275,16997
13277,13422
13279,12072
13281,4746
13283,2310
13285,22410
13287,3351
13289,1827
13291,8539
13293,9740
13295,29992
13297,38855
13299,14596
13301,2141
13303,7194
13305,10365
13307,802
13309,1842
13311,11287
13313,36281
13315,2449
13317,4182
13319,4345
13321,8255
15001,67054
15003,311451
15005,53
15007,22563
15009,54329
16001,159279
16003,1729
16005,24368
16007,2247
16009,3712
16011,14434
16013,8231
16015,1954
16017,17117
16019,38700
16021,4490
16023,1158
16025,307
16027,68858
16029,3021
16031,8031
16033,295
16035,3423
16037,743
16039,16210
16041,4286
16043,3727
16045,6176
16047,4372
16049,7185
16051,8314
16053,7727
16055,59163
16057,15301
16059,4703
16061,828
16063,1624
16065,11220
16067,7530
16069,16769
16071,1581
16073,5127
16075,8222
16077,9383
16079,5566
16081,3764
16083,30935
16085,3563
16087,3957
17001,27367
17003,2421
17005,6923
17007,17837
17009,2050
17011,13678
17013,1799
17015,6749
17017,5507
17019,81573
17021,13902
17023,7288
17025,5873
17027,12623
17029,20725
17031,1959864
17033,7695
17035,4533
17037,39324
17039,6657
17041,6889
17043,363153
17045,7460
17047,2324
17049,13007
17051,7870
17053,5631
17055,16947
17057,14233
17059,2083
17061,5270
17063,14882
17065,3198
17067,7810
17069,1283
17071,2717
17073,19525
17075,11318
17077,23166
17079,3812
17081,15527
17083,10028
17085,9738
17087,4253
17089,163348
17091,40781
17093,31718
17095,21010
17097,240670
17099,43958
17101,6267
17103,13752
17105,13419
17107,10944
17109,11304
17111,118186
17113,66435
17115,44567
17117,17276
17119,108670
17121,17827
17123,4203
17125,5169
17127,6044
17129,5232
17131,7212
17133,15511
17135,10880
17137,13826
17139,6861
17141,20229
17143,74688
17145,8680
17147,6292
17149,6870
17151,1743
17153,2362
17155,2400
17157,9586
17159,6446
17161,60175
17163,101275
17165,10187
17167,83648
17169,2766
17171,1925
17173,8405
17175,2476
17177,20035
17179,57194
17181,6478
17183,31426
17185,4902
17187,6275
17189,5514
17191,6871
17193,6843
17195,23912
17197,222152
17199,27419
17201,114760
17203,12928
18001,12301
18003,140773
18005,31302
18007,2875
18009,5232
18011,23905
18013,7094
18015,6197
18017,14892
18019,44107
18021,10788
18023,12386
18025,4188
18027,10722
18029,18899
18031,10634
18033,16746
18035,45960
18037,16883
18039,71644
18041,9123
18043,28448
18045,8155
18047,6871
18049,7722
18051,13728
18053,26669
18055,12605
18057,111659
18059,28712
18061,14994
18063,51221
18065,18513
18067,35943
18069,15423
18071,17171
18073,13370
18075,8507
18077,14213
18079,10239
18081,52206
18083,15087
18085,29340
18087,11748
18089,186849
18091,45600
18093,18999
18095,51707
18097,372433
18099,17262
18101,4920
18103,11667
18105,54365
18107,15165
18109,28190
18111,4307
18113,17736
18115,2223
18117,7500
18119,8886
18121,6228
18123,7070
18125,4883
18127,60745
18129,8557
18131,5406
18133,12199
18135,10788
18137,13220
18139,6817
18141,100958
18143,8593
18145,19620
18147,7201
18149,8152
18151,14158
18153,7696
18155,3715
18157,68689
18159,5967
18161,2826
18163,76108
18165,6454
18167,40208
18169,13138
18171,3262
18173,24883
18175,9849
18177,26642
18179,10938
18181,10857
18183,14358
19001,3042
19003,1559
19005,7161
19007,5452
19009,2595
19011,9989
19013,54176
19015,11398
19017,9768
19019,7192
19021,7520
19023,6547
19025,4489
19027,8126
19029,6335
19031,9856
19033,18946
19035,5155
19037,5348
19039,3872
19041,7240
19043,7050
19045,19701
19047,6262
19049,34534
19051,3335
19053,3243
19055,8077
19057,16769
19059,8079
19061,35095
19063,4183
19065,8034
19067,6933
19069,4742
19071,3000
19073,3919
19075,4835
19077,5044
19079,6270
19081,4502
19083,6758
19085,6260
19087,7820
19089,4436
19091,4101
19093,3159
19095,6817
19097,8762
19099,13966
19101,7180
19103,58597
19105,9203
19107,4105
19109,6373
19111,14807
19113,88303
19115,3930
19117,3745
19119,4519
19121,8818
19123,8440
19125,13109
19127,15479
19129,5203
19131,3965
19133,3979
19135,3198
19137,5078
19139,15268
19141,4065
19143,2563
19145,6399
19147,3951
19149,12889
19151,3261
19153,177828
19155,36692
19157,7758
19159,2021
19161,4224
19163,67400
19165,4850
19167,14259
19169,36669
19171,6757
19173,2788
19175,5017
19177,2497
19179,14576
19181,17566
19183,7546
19185,2413
19187,14996
19189,5210
19191,7801
19193,36301
19195,3129
19197,5696
20001,5249
20003,3317
20005,5658
20007,2080
20009,10962
20011,5609
20013,4197
20015,24564
20017,1028
20019,1341
20021,8366
20023,1242
20025,926
20027,3228
20029,4039
20031,3581
20033,748
20035,13674
20037,15238
20039,1430
20041,5981
20043,2867
20045,45017
20047,1276
20049,1157
20051,10513
20053,2560
20055,12555
20057,11264
20059,10131
20061,11145
20063,1238
20065,1342
20067,2663
20069,2075
20071,494
20073,3183
20075,878
20077,2356
20079,14003
20081,1584
20083,732
20085,5260
20087,7750
20089,1334
20091,222278
20093,1188
20095,2902
20097,1038
20099,7385
20101,838
20103,29575
20105,1233
20107,4540
20109,1256
20111,13561
20113,12451
20115,4575
20117,4275
20119,1694
20121,14422
20123,2653
20125,13878
20127,3268
20129,1144
20131,4205
20133,6552
20135,1396
20137,1948
20139,6810
20141,1722
20143,2933
20145,2831
20147,2311
20149,7550
20151,3455
20153,1076
20155,24768
20157,2281
20159,3814
20161,29875
20163,2217
20165,1616
20167,3155
20169,22241
20171,2118
20173,192482
20175,7509
20177,71818
20179,1028
20181,2704
20183,1641
20185,1742
20187,806
20189,1945
20191,11692
20193,3284
20195,2426
20197,2565
20199,605
20201,2502
20203,897
20205,3699
20207,1255
20209,56496
21001,6705
21003,7406
21005,8421
21007,4393
21009,15961
21011,4692
21013,11117
21015,47517
21017,7705
21019,20589
21021,11190
21023,3383
21025,5074
21027,7646
21029,23451
21031,4748
21033,5201
21035,14663
21037,35823
21039,1976
21041,3678
21043,10988
21045,7519
21047,22747
21049,14061
21051,7590
21053,4012
21055,3409
21057,2748
21059,38927
21061,2943
21063,1741
21065,5691
21067,127813
21069,6042
21071,14549
21073,21092
21075,3062
21077,1604
21079,7158
21081,9749
21083,14357
21085,9635
21087,4381
21089,12917
21091,3548
21093,39044
21095,11271
21097,6971
21099,7945
21101,18646
21103,6213
21105,1893
21107,18762
21109,5450
21111,312486
21113,18252
21115,8621
21117,61560
21119,6585
21121,9540
21123,3960
21125,19406
21127,6298
21129,2708
21131,4126
21133,8690
21135,5420
21137,8345
21139,4116
21141,11237
21143,3262
21145,26000
21147,6248
21149,3906
21151,33100
21153,5057
21155,7410
21157,12939
21159,4190
21161,7018
21163,13156
21165,2528
21167,8908
21169,4138
21171,4650
21173,10378
21175,5220
21177,11215
21179,17891
21181,2860
21183,9688
21185,24819
21187,4337
21189,1790
21191,4921
21193,11475
21195,27096
21197,4824
21199,26223
21201,829
21203,6110
21205,8794
21207,7249
21209,19729
21211,15110
21213,7147
21215,6399
21217,10122
21219,4328
21221,5566
21223,4225
21225,5667
21227,48634
21229,4224
21231,7751
21233,5399
21235,19157
21237,2826
21239,10045
22001,30044
22003,7743
22005,41961
22007,16844
22009,14871
22011,14173
22013,5384
22015,46640
22017,98687
22019,64889
22021,3974
22023,12766
22025,4487
22027,5502
22029,6734
22031,10307
22033,166816
22035,2380
22037,7304
22039,10397
22041,7218
22043,7071
22045,27627
22047,10520
22049,6372
22051,168786
22053,14297
22055,91180
22057,35882
22059,4775
22061,17941
22063,47622
22065,6411
22067,10291
22069,15331
22071,154895
22073,54409
22075,8759
22077,9402
22079,48681
22081,3171
22083,5063
22085,8952
22087,14791
22089,18376
22091,1869
22093,8232
22095,15797
22097,25438
22099,16900
22101,11276
22103,91490
22105,50275
22107,1930
22109,40555
22111,9669
22113,20224
22115,17309
22117,17710
22119,16403
22121,9461
22123,4251
22125,3947
22127,5028
23001,45263
23003,30425
23005,118942
23007,11363
23009,24870
23011,51052
23013,17022
23015,15241
23017,20996
23019,58275
23021,10145
23023,15793
23025,20735
23027,16974
23029,13782
23031,83324
24001,25759
24003,211072
24005,314090
24009,30208
24011,12364
24013,55207
24015,37076
24017,55121
24019,12689
24021,93685
24023,13865
24025,92564
24027,110605
24029,9362
24031,371902
24033,304520
24035,16121
24037,38731
24039,7639
24041,16498
24043,57612
24045,37103
24047,22225
24510,235075
25001,95789
25003,55063
25005,215903
25007,6565
25009,291862
25011,30353
25013,178847
25015,59288
25017,591520
25019,3761
25021,265563
25023,182991
25025,302408
25027,305795
26001,5584
26003,2958
26005,53954
26007,12178
26009,9534
26011,6008
26013,3007
26015,19406
26017,42429
26019,8926
26021,67737
26023,16618
26025,53732
26027,16787
26029,11622
26031,9684
26033,14213
26035,13675
26037,32195
26039,5144
26041,15662
26043,11306
26045,47624
26047,15472
26049,157558
26051,12999
26053,6702
26055,37512
26057,15654
26059,16718
26061,13599
26063,12859
26065,107845
26067,22731
26069,11604
26071,5284
26073,23824
26075,61499
26077,101105
26079,7130
26081,233243
26083,898
26085,4435
26087,31881
26089,6678
26091,38813
26093,73605
26095,2293
26097,4716
26099,341012
26101,9835
26103,26820
26105,11360
26107,14693
26109,10318
26111,32954
26113,5276
26115,60712
26117,24415
26119,3039
26121,65939
26123,16945
26125,509564
26127,10467
26129,8768
26131,2721
26133,10407
26135,4696
26137,9655
26139,94277
26141,6511
26143,12255
26145,78340
26147,65001
26149,23916
26151,18074
26153,3478
26155,29109
26157,22286
26159,30495
26161,134955
26163,670753
26165,12940
27001,9005
27003,133203
27005,13012
27007,16750
27009,12354
27011,2247
27013,25795
27015,11217
27017,14222
27019,33801
27021,15492
27023,4696
27025,19030
27027,23548
27029,4526
27031,2700
27033,4814
27035,24471
27037,159307
27039,7623
27041,14888
27043,6131
27045,9479
27047,12409
27049,19611
27051,2673
27053,502217
27055,8434
27057,7931
27059,13376
27061,18771
27063,4134
27065,5926
27067,16543
27069,1916
27071,5987
27073,3081
27075,7830
27077,1481
27079,13313
27081,2324
27083,10358
27085,15181
27087,2310
27089,2638
27091,8800
27093,8990
27095,12035
27097,12530
27099,15739
27101,3486
27103,12360
27105,7600
27107,2643
27109,59003
27111,23138
27113,6027
27115,10456
27117,4395
27119,13538
27121,5537
27123,208288
27125,1792
27127,6419
27129,6302
27131,23733
27133,3790
27135,6257
27137,82300
27139,44405
27141,36322
27143,5501
27145,61449
27147,14697
27149,3678
27151,4220
27153,10478
27155,1156
27157,8984
27159,6499
27161,7628
27163,85001
27165,4257
27167,2926
27169,18857
27171,40158
27173,4683
28001,11653
28003,14039
28005,4302
28007,8039
28009,3031
28011,12433
28013,5640
28015,2651
28017,6970
28019,3233
28021,2952
28023,5700
28025,7902
28027,8930
28029,10716
28031,7364
28033,60345
28035,23853
28037,2955
28039,8615
28041,3259
28043,7863
28045,16867
28047,81081
28049,89237
28051,5677
28053,3108
28055,1568
28057,11421
28059,46808
28061,7643
28063,2375
28065,5192
28067,23926
28069,4249
28071,18698
28073,27773
28075,30140
28077,5159
28079,8563
28081,29666
28083,10866
28085,11593
28087,22838
28089,38922
28091,9954
28093,13674
28095,11973
28097,4820
28099,11732
28101,7214
28103,3942
28105,17008
28107,12836
28109,21170
28111,5057
28113,15401
28115,11634
28117,10261
28119,2946
28121,54609
28123,10511
28125,577
28127,9385
28129,5370
28131,7273
28133,8278
28135,3955
28137,10214
28139,9511
28141,7462
28143,4128
28145,9386
28147,4973
28149,18559
28151,18405
28153,6422
28155,4115
28157,3184
28159,6828
28161,6258
28163,8664
29001,9915
29003,9912
29005,2476
29007,12225
29009,18494
29011,4751
29013,5817
29015,8084
29017,4471
29019,66433
29021,29661
29023,16032
29025,3722
29027,15584
29029,16476
29031,29113
29033,3709
29035,2670
29037,37811
29039,5895
29041,3724
29043,31048
29045,2585
29047,92107
29049,9745
29051,28862
29053,6345
29055,8533
29057,3150
29059,6276
29061,3045
29063,2383
29065,5922
29067,4267
29069,12805
29071,43725
29073,6647
29075,2781
29077,123684
29079,3959
29081,3414
29083,9923
29085,3920
29087,2101
29089,3484
29091,16289
29093,3961
29095,281856
29097,38591
29099,73840
29101,19349
29103,1806
29105,13896
29107,13508
29109,8112
29111,3904
29113,18278
29115,3908
29117,5655
29119,8032
29121,6102
29123,5164
29125,5718
29127,13645
29129,1492
29131,8416
29133,5288
29135,6052
29137,2523
29139,4094
29141,8045
29143,6292
29145,29276
29147,8439
29149,4061
29151,4370
29153,4636
29155,6699
29157,7477
29159,15783
29161,17946
29163,7173
29165,37754
29167,11984
29169,14287
29171,1865
29173,2684
29175,8930
29177,7291
29179,2046
29181,5439
29183,142972
29185,3874
29186,6562
29187,25599
29189,414535
29195,8796
29197,1478
29199,1601
29201,16686
29203,4371
29205,2418
29207,11871
29209,12969
29211,2322
29213,22567
29215,7915
29217,8129
29219,12259
29221,8244
29223,6092
29225,10538
29227,965
29229,8498
29510,135455
30001,3980
30003,3537
30005,2222
30007,2093
30009,4346
30011,560
30013,34412
30015,1956
30017,4885
30019,868
30021,4031
30023,4093
30025,1210
30027,4956
30029,35725
30031,40322
30033,445
30035,4181
30037,316
30039,1994
30041,6546
30043,4684
30045,915
30047,14303
30049,27677
30051,951
30053,8244
30055,784
30057,3831
30059,822
30061,1964
30063,46195
30065,1962
30067,7506
30069,180
30071,1904
30073,2200
30075,1100
30077,2473
30079,566
30081,17402
30083,4962
30085,3087
30087,3144
30089,5030
30091,1684
30093,15206
30095,3888
30097,1754
30099,2400
30101,1830
30103,391
30105,3197
30107,802
30109,497
30111,63954
31001,12430
31003,3002
31005,159
31007,191
31009,242
31011,2294
31013,4722
31015,950
31017,1481
31019,19223
31021,2813
31023,3318
31025,9873
31027,3393
31029,1765
31031,4130
31033,4444
31035,2845
31037,3391
31039,3573
31041,4839
31043,7186
31045,3534
31047,8670
31049,833
31051,2309
31053,15786
31055,214132
31057,843
31059,2443
31061,1667
31063,2010
31065,1687
31067,9476
31069,1013
31071,997
31073,851
31075,173
31077,699
31079,23101
31081,3619
31083,1440
31085,187
31087,1393
31089,4562
31093,2636
31095,3289
31097,1844
31099,2278
31101,3910
31103,288
31105,1593
31107,3887
31109,120588
31111,14930
31113,387
31115,161
31117,161
31119,15057
31121,2650
31123,2119
31125,1982
31127,2819
31129,1937
31131,6192
31133,1243
31135,1226
31137,3868
31139,2705
31141,13075
31143,1870
31145,4628
31147,3817
31149,674
31151,5193
31153,63895
31155,8104
31157,12206
31159,6325
31161,1248
31163,1298
31165,2657
31167,1756
31169,2377
31171,329
31173,2671
31175,1965
31177,7633
31179,3375
31181,1549
31183,692
31185,5659
32001,9715
32003,749858
32005,19613
32007,17238
32009,452
32011,1509
32013,6467
32015,2228
32017,1930
32019,20589
32021,1948
32023,18016
32027,1649
32029,365
32031,173926
32033,3323
32510,22773
33001,23068
33003,21085
33005,30826
33007,13718
33009,34915
33011,158143
33013,58740
33015,119949
33017,48679
33019,17420
34001,100303
34003,337819
34005,162850
34007,192329
34009,40106
34011,52118
34013,280425
34015,97971
34017,252352
34019,47477
34021,133538
34023,287736
34025,226490
34027,176624
34029,222504
34031,162358
34033,24456
34035,109605
34037,54218
34039,194875
34041,42957
35001,260588
35003,1427
35005,23672
35006,9864
35007,5575
35009,18430
35011,666
35013,74334
35015,21172
35017,11845
35019,1117
35021,617
35023,1795
35025,22029
35027,7898
35028,7525
35029,9072
35031,20640
35033,1718
35035,26000
35037,2728
35039,14858
35041,7096
35043,51470
35045,40665
35047,10937
35049,61813
35051,5370
35053,4852
35055,12304
35057,4874
35059,1443
35061,26638
36001,128408
36003,18970
36005,499103
36007,80707
36009,31062
36011,30473
36013,52533
36015,33997
36017,18617
36019,31307
36021,24591
36023,18008
36025,16307
36027,108341
36029,386587
36031,14144
36033,20726
36035,22306
36037,24051
36039,17953
36041,2746
36043,22069
36045,43520
36047,944650
36049,10007
36051,23828
36053,29198
36055,300599
36057,20758
36059,436706
36061,754598
36063,87943
36065,91119
36067,184236
36069,44895
36071,123294
36073,15955
36075,45888
36077,26769
36079,34497
36081,775751
36083,64600
36085,166150
36087,99935
36089,40929
36091,91753
36093,50222
36095,12858
36097,10164
36099,12429
36101,39905
36103,498911
36105,26592
36107,20054
36109,36398
36111,73583
36113,27189
36115,25150
36117,37750
36119,345545
36121,15661
36123,9715
37001,65529
37003,11369
37005,5007
37007,9687
37009,12150
37011,5493
37013,20002
37015,8285
37017,13475
37019,52967
37021,103649
37023,31305
37025,72030
37027,31449
37029,3639
37031,31675
37033,6959
37035,63371
37037,34922
37039,11081
37041,5858
37043,5174
37045,39835
37047,22558
37049,41622
37051,119450
37053,9906
37055,15264
37057,70928
37059,15799
37061,26854
37063,115668
37065,21600
37067,137313
37069,23037
37071,81908
37073,4493
37075,3341
37077,17911
37079,5935
37081,202010
37083,22733
37085,53607
37087,26300
37089,49219
37091,8729
37093,18702
37095,1711
37097,64270
37099,14874
37101,53573
37103,4268
37105,25311
37107,23504
37109,31076
37111,18005
37113,15625
37115,8525
37117,9694
37119,399825
37121,6975
37123,10072
37125,36724
37127,37104
37129,92403
37131,8765
37133,61223
37135,44070
37137,4547
37139,14646
37141,18621
37143,5873
37145,18085
37147,69614
37149,9017
37151,58024
37153,17984
37155,45451
37157,39503
37159,47201
37161,25266
37163,33149
37165,13353
37167,23803
37169,19475
37171,30740
37173,6268
37175,14347
37177,1432
37179,73494
37181,17517
37183,384268
37185,6881
37187,5256
37189,21371
37191,41295
37193,25577
37195,31825
37197,16013
37199,7055
38001,1000
38003,5345
38005,2138
38007,911
38009,3132
38011,1551
38013,971
38015,39244
38017,73653
38019,1686
38021,2434
38023,1123
38025,1540
38027,1290
38029,1606
38031,1416
38033,866
38035,29713
38037,1124
38039,948
38041,703
38043,1009
38045,1510
38047,860
38049,2498
38051,1285
38053,3074
38055,3764
38057,3686
38059,13638
38061,3324
38063,1612
38065,493
38067,3256
38069,1841
38071,5027
38073,1673
38075,1106
38077,6720
38079,4766
38081,1800
38083,881
38085,1014
38087,574
38089,11633
38091,1587
38093,9242
38095,997
38097,2620
38099,4909
38101,27646
38103,2007
38105,12867
39001,12617
39003,43584
39005,20075
39007,38628
39009,19144
39011,17876
39013,26751
39015,15366
39017,134163
39019,15060
39021,15177
39023,54402
39025,80282
39027,18101
39029,42715
39031,13730
39033,11520
39035,539939
39037,20971
39039,15016
39041,67997
39043,32739
39045,64120
39047,10852
39049,492597
39051,18429
39053,11851
39055,32445
39057,79813
39059,15756
39061,343226
39063,29277
39065,12832
39067,6121
39069,11158
39071,16609
39073,13946
39075,12527
39077,28649
39079,12968
39081,27707
39083,23331
39085,95182
39087,23804
39089,58791
39091,17710
39093,115220
39095,177332
39097,17660
39099,97653
39101,24804
39103,66737
39105,10680
39107,16101
39109,39715
39111,5484
39113,209942
39115,6029
39117,16561
39119,36222
39121,5139
39123,16562
39125,7429
39127,14967
39129,18341
39131,9811
39133,64963
39135,15796
39137,13546
39139,47627
39141,28017
39143,21055
39145,30025
39147,24134
39149,17742
39151,146989
39153,224476
39155,83935
39157,37765
39159,16392
39161,9531
39163,5298
39165,74315
39167,24442
39169,43736
39171,15870
39173,50001
39175,9547
40001,7935
40003,2068
40005,5047
40007,2761
40009,7710
40011,3569
40013,17107
40015,10975
40017,41859
40019,18489
40021,15299
40023,5816
40025,972
40027,96892
40029,2140
40031,42502
40033,2419
40035,6283
40037,25044
40039,10272
40041,17191
40043,1917
40045,1878
40047,23887
40049,11429
40051,23284
40053,1881
40055,2119
40057,1177
40059,665
40061,5185
40063,4442
40065,9999
40067,2615
40069,4260
40071,19064
40073,5318
40075,3953
40077,3616
40079,18997
40081,11937
40083,13948
40085,2942
40087,8669
40089,12902
40091,8513
40093,2903
40095,6241
40097,14871
40099,5005
40101,28121
40103,4334
40105,4084
40107,4058
40109,307672
40111,16511
40113,30323
40115,11509
40117,6018
40119,31293
40121,16396
40123,14659
40125,25062
40127,4287
40129,1559
40131,29059
40133,10059
40135,15528
40137,17526
40139,7115
40141,2953
40143,248883
40145,26419
40147,15043
40149,4212
40151,3426
40153,7032
41001,7082
41003,31607
41005,151559
41007,15623
41009,19691
41011,26485
41013,9250
41015,10382
41017,69188
41019,44647
41021,798
41023,3153
41025,3008
41027,7970
41029,85397
41031,5108
41033,36412
41035,26510
41037,3512
41039,148814
41041,20916
41043,50151
41045,10433
41047,118902
41049,3919
41051,315733
41053,30178
41055,779
41057,10460
41059,27000
41061,10265
41063,3126
41065,11014
41067,217447
41069,680
41071,34492
42001,35164
42003,530471
42005,26899
42007,67830
42009,19466
42011,156846
42013,52518
42015,25781
42017,231333
42019,76822
42021,57144
42023,2174
42025,26283
42027,59118
42029,199316
42031,15466
42033,29768
42035,13972
42037,29825
42039,31881
42041,99514
42043,111184
42045,207193
42047,13397
42049,111794
42051,47978
42053,1854
42055,56194
42057,5897
42059,14602
42061,16425
42063,35022
42065,19489
42067,8018
42069,85533
42071,198718
42073,38014
42075,52681
42077,139341
42079,127423
42081,47259
42083,17048
42085,45822
42087,18979
42089,57430
42091,303731
42093,8528
42095,110621
42097,36394
42099,18667
42101,591341
42103,22791
42105,6864
42107,57117
42109,15023
42111,30023
42113,2596
42115,17463
42117,16162
42119,13754
42121,25545
42123,16381
42125,89298
42127,18939
42129,156956
42131,8670
42133,175692
44001,19521
44003,68988
44005,35421
44007,238490
44009,49608
45001,10316
45003,65725
45005,3420
45007,74616
45009,5387
45011,8723
45013,68619
45015,84783
45017,5547
45019,161388
45021,23365
45023,12303
45025,17553
45027,13979
45029,16108
45031,25486
45033,10704
45035,35443
45037,12613
45039,9479
45041,55339
45043,34011
45045,197705
45047,25989
45049,6773
45051,116628
45053,8759
45055,27196
45057,32593
45059,30513
45061,5467
45063,108798
45065,4032
45067,11387
45069,9670
45071,15595
45073,31383
45075,32872
45077,38979
45079,145443
45081,4092
45083,102868
45085,41404
45087,10760
45089,11965
45091,95529
46003,1114
46005,7764
46007,914
46009,2634
46011,12709
46013,16367
46015,2167
46017,429
46019,4224
46021,577
46023,3185
46025,1436
46027,5017
46029,11948
46031,1307
46033,3623
46035,8890
46037,2571
46039,2239
46041,3310
46043,1348
46045,1408
46047,3519
46049,871
46051,3608
46053,1906
46055,937
46057,1630
46059,1651
46061,857
46063,494
46065,7485
46067,2961
46069,579
46071,913
46073,675
46075,390
46077,2654
46079,4711
46081,10631
46083,17825
46085,1333
46087,2296
46089,1183
46091,1794
46093,31715
46095,669
46097,1106
46099,75839
46101,2383
46102,3085
46103,22318
46105,1697
46107,1148
46109,3712
46111,1170
46115,2653
46117,1295
46119,488
46121,2666
46123,2551
46125,3331
46127,5248
46129,707
46135,9422
46137,385
47001,29659
47003,17372
47005,6784
47007,5151
47009,47270
47011,39218
47013,15837
47015,4286
47017,12479
47019,18809
47021,14125
47023,5422
47025,13880
47027,2769
47029,14965
47031,12192
47033,3581
47035,23321
47037,279643
47039,4242
47041,7706
47043,19301
47045,14525
47047,14976
47049,7537
47051,25545
47053,19184
47055,10310
47057,9671
47059,26460
47061,4113
47063,22511
47065,132469
47067,2172
47069,8594
47071,9218
47073,22056
47075,8902
47077,10880
47079,13306
47081,9488
47083,2954
47085,7193
47087,3813
47089,24176
47091,7405
47093,182379
47095,2371
47097,9728
47099,17116
47101,4315
47103,15118
47105,22906
47107,19594
47109,11197
47111,7848
47113,38812
47115,18951
47117,12314
47119,39210
47121,6404
47123,17402
47125,70177
47127,1309
47129,9313
47131,12627
47133,6900
47135,3285
47137,1594
47139,7194
47141,34742
47143,12701
47145,18613
47147,26374
47149,105962
47151,8123
47153,4271
47155,38170
47157,350982
47159,6503
47161,5359
47163,68177
47165,59469
47167,19411
47169,3238
47171,7604
47173,5668
47175,1885
47177,16683
47179,57277
47181,6130
47183,12935
47185,9764
47187,71920
47189,44494
48001,17353
48003,5413
48005,31040
48007,8549
48009,9535
48011,657
48013,15415
48015,9767
48017,2880
48019,8187
48021,26625
48023,1659
48025,8258
48027,113491
48029,636310
48031,4049
48033,702
48035,7157
48037,33018
48039,123224
48041,77353
48043,3932
48045,659
48047,2110
48049,13755
48051,6517
48053,13809
48055,13291
48057,7666
48059,4847
48061,122188
48063,5366
48065,3824
48067,12173
48069,2268
48071,11822
48073,22149
48075,2356
48077,4532
48079,1004
48081,1443
48083,3489
48085,325027
48087,1957
48089,7972
48091,28996
48093,4822
48095,882
48097,13924
48099,24442
48101,639
48103,1458
48105,1882
48107,2052
48109,715
48111,3761
48113,926495
48115,4285
48117,6319
48119,1860
48121,273074
48123,9474
48125,852
48127,3463
48129,1249
48131,4097
48133,6814
48135,48407
48137,1066
48139,57434
48141,241944
48143,13549
48145,6744
48147,11645
48149,8851
48151,1659
48153,2320
48155,582
48157,211626
48159,3536
48161,6339
48163,4661
48165,7700
48167,124768
48169,1693
48171,10715
48173,387
48175,2372
48177,7254
48179,8051
48181,48968
48183,47857
48185,9396
48187,57608
48189,11584
48191,284
48193,4110
48195,1967
48197,1559
48199,21049
48201,1567883
48203,27638
48205,426
48207,2064
48209,74693
48211,1445
48213,27259
48215,232523
48217,12608
48219,16451
48221,22115
48223,12882
48225,8859
48227,11178
48229,22042
48231,28662
48233,6366
48235,617
48237,2859
48239,5009
48241,12362
48243,1012
48245,93583
48247,1610
48249,12514
48251,60242
48253,12530
48255,3822
48257,40065
48259,18168
48261,134
48263,269
48265,20501
48267,1803
48269,92
48271,1200
48273,10957
48275,1341
48277,19016
48279,4264
48281,8513
48283,1938
48285,5701
48287,5814
48289,7525
48291,24831
48293,9058
48295,1267
48297,4082
48299,9860
48301,28
48303,101614
48305,1671
48307,3102
48309,86311
48311,222
48313,3921
48315,4529
48317,1641
48319,1531
48321,13877
48323,16356
48325,13725
48327,930
48329,58145
48331,9279
48333,1739
48335,2648
48337,8607
48339,182863
48341,6724
48343,4333
48345,459
48347,24234
48349,17083
48351,3536
48353,5903
48355,128705
48357,3503
48359,447
48361,33255
48363,10003
48365,8769
48367,50060
48369,3103
48371,3844
48373,17603
48375,39071
48377,2574
48379,3965
48381,53838
48383,1168
48385,727
48387,5338
48389,3748
48391,2662
48393,276
48395,6010
48397,30803
48399,3302
48401,14605
48403,3232
48405,3626
48407,11270
48409,24838
48411,2134
48413,1718
48415,5808
48417,1315
48419,9507
48421,806
48423,72482
48425,3220
48427,16425
48429,3178
48431,462
48433,444
48435,1586
48437,2359
48439,660884
48441,42904
48443,447
48445,4129
48447,632
48449,10033
48451,42859
48453,458585
48455,5865
48457,7010
48459,11222
48461,1297
48463,8703
48465,15178
48467,18316
48469,32863
48471,21593
48473,12659
48475,3934
48477,12605
48479,72664
48481,15091
48483,2246
48485,41876
48487,5103
48489,5739
48491,154985
48493,15443
48495,2510
48497,20650
48499,17524
48501,673
48503,7362
48505,4352
48507,3549
49001,2313
49003,17528
49005,36829
49007,7841
49009,168
49011,99416
49013,7254
49015,3564
49017,1913
49019,4037
49021,15416
49023,2986
49025,2482
49027,4235
49029,3236
49031,486
49033,601
49035,363729
49037,3813
49039,8426
49041,7189
49043,20645
49045,19404
49047,10012
49049,154872
49051,8603
49053,52544
49055,803
49057,83304
50001,14162
50003,15198
50005,12085
50007,65704
50009,2851
50011,17911
50013,2952
50015,10190
50017,12245
50019,11384
50021,25652
50023,25035
50025,18899
50027,24267
51001,13528
51003,55435
51005,9095
51007,4461
51009,11921
51011,5600
51013,102539
51015,50088
51017,2145
51019,46006
51021,2491
51023,9630
51025,6252
51027,9231
51029,8279
51031,28857
51033,10473
51035,9883
51036,2009
51037,3401
51041,129529
51043,6351
51045,1885
51047,15787
51049,2258
51051,5933
51053,28983
51057,4075
51059,402929
51061,24904
51063,6383
51065,9325
51067,21754
51069,29468
51071,7477
51073,14012
51075,18359
51077,12285
51079,6623
51081,5248
51083,14482
51085,48895
51087,135519
51089,29920
51091,1124
51093,13664
51095,37005
51097,3082
51099,8980
51101,7194
51103,4122
51105,8367
51107,120804
51109,15624
51111,4602
51113,5174
51115,3967
51117,11836
51119,5190
51121,34759
51125,7172
51127,8694
51131,5177
51133,6829
51135,5890
51137,13408
51139,9291
51141,7510
51143,43850
51145,9160
51147,8600
51149,18621
51153,141255
51155,21090
51157,4459
51159,3316
51161,50828
51163,13231
51165,46110
51167,13483
51169,9241
51171,18029
51173,13014
51175,10387
51177,41363
51179,46754
51181,2622
51183,4406
51185,14226
51187,12374
51191,22053
51193,7242
51195,18117
51197,11916
51199,18663
51510,66411
51520,7132
51550,83074
51610,6620
51630,10419
51650,53362
51660,0
51680,16182
51683,14098
51700,69976
51710,87249
51735,4560
51740,36616
51750,0
51760,55237
51770,36199
51800,32303
51810,167716
51830,0
51840,10987
53001,6429
53003,9261
53005,76253
53007,27413
53009,30212
53011,159204
53013,1682
53015,41757
53017,15488
53019,2575
53021,25629
53023,1025
53025,29142
53027,28347
53029,34027
53031,15971
53033,856116
53035,100484
53037,17661
53039,8000
53041,30446
53043,4522
53045,22366
53047,17279
53049,9262
53051,5363
53053,309471
53055,7653
53057,47918
53059,12307
53061,283051
53063,197816
53065,15231
53067,105666
53069,1739
53071,22430
53073,82842
53075,17747
53077,75922
54001,6029
54003,42520
54005,9130
54007,5753
54009,8187
54011,39877
54013,2971
54015,3125
54017,4273
54019,18794
54021,2665
54023,4146
54025,14897
54027,9874
54029,14441
54031,5778
54033,26186
54035,11619
54037,21527
54039,81832
54041,7012
54043,8077
54045,14216
54047,7755
54049,22872
54051,11245
54053,10230
54055,25025
54057,11396
54059,11176
54061,38502
54063,5522
54065,5979
54067,10327
54069,19584
54071,3014
54073,2700
54075,3647
54077,12361
54079,20181
54081,32063
54083,11660
54085,3986
54087,5152
54089,4511
54091,5721
54093,2748
54095,3013
54097,9435
54099,17295
54101,3691
54103,6352
54105,2402
54107,36139
54109,8970
55001,13796
55003,7277
55005,18313
55007,5782
55009,100001
55011,6109
55013,6821
55015,38252
55017,24863
55019,12228
55021,23240
55023,6419
55025,216255
55027,28809
55029,12896
55031,19016
55033,16314
55035,41618
55037,1501
55039,44255
55041,4287
55043,19280
55045,12432
55047,4816
55049,9285
55051,2815
55053,8582
55055,30373
55057,10449
55059,60473
55061,8485
55063,47344
55065,6482
55067,8445
55069,13969
55071,33933
55073,52121
55075,18492
55077,5986
55078,1340
55079,382069
55081,16591
55083,15382
55085,13277
55087,65774
55089,35737
55091,3124
55093,18138
55095,18946
55097,27116
55099,6467
55101,79624
55103,8806
55105,66963
55107,5418
55109,30349
55111,25119
55113,7703
55115,18795
55117,47534
55119,9378
55121,12215
55123,11700
55125,11922
55127,39770
55129,8037
55131,53524
55133,158706
55135,23147
55137,12410
55139,59350
55141,32525
56001,15793
56003,4451
56005,17588
56007,6309
56009,5643
56011,2941
56013,15167
56015,5299
56017,2229
56019,3812
56021,38455
56023,6622
56025,32964
56027,952
56029,11823
56031,3816
56033,13132
56035,3197
56037,16269
56039,8749
56041,2271
56043,3560
56045,3265
72001,5818
72003,12719
72005,21322
72007,8642
72009,8625
72011,9120
72013,32222
72015,6091
72017,8079
72019,9122
72021,69894
72023,16495
72025,50821
72027,11571
72029,16482
72031,62225
72033,7005
72035,17409
72037,4594
72039,6033
72041,11876
72043,13706
72045,5635
72047,10847
72049,512
72051,12075
72053,12436
72054,5051
72055,5528
72057,14568
72059,6566
72061,35383
72063,15181
72065,14443
72067,6271
72069,18370
72071,14482
72073,4850
72075,15299
72077,12850
72079,8153
72081,10342
72083,3006
72085,12385
72087,6768
72089,6636
72091,15726
72093,1959
72095,3958
72097,30320
72099,13035
72101,10129
72103,8284
72105,8887
72107,6676
72109,6519
72111,7690
72113,53306
72115,9179
72117,5092
72119,16178
72121,7568
72123,11099
72125,11368
72127,147610
72129,13633
72131,14338
72133,7759
72135,21798
72137,28843
72139,21413
72141,9104
72143,11756
72145,18292
72147,2473
72149,7907
72151,11997
72153,10713
