GEOID,county.pop
01001,40789
01003,162107
01005,20782
01007,17935
01009,34747
01011,6745
01013,13984
01015,84255
01017,28965
01019,27154
01021,30679
01023,10160
01025,19539
01027,8566
01029,12209
01031,39657
01033,41803
01035,11005
01037,14903
01039,30053
01041,10610
01043,62408
01045,33545
01047,30303
01049,52678
01051,67188
01053,29316
01055,82542
01057,9371
01059,24574
01061,20738
01063,6268
01065,13038
01067,15489
01069,80878
01071,43058
01073,510515
01075,11019
01077,74562
01079,30304
01081,122276
01083,70016
01085,7203
01087,15348
01089,279587
01091,14544
01093,22894
01095,75204
01097,316972
01099,15806
01101,174009
01103,87099
01105,6793
01107,16354
01109,29075
01111,18040
01113,43739
01115,61858
01117,180070
01119,10446
01121,57930
01123,28618
01125,155597
01127,50107
01129,12693
01131,8633
01133,20485
02013,2937
02016,4585
02020,211795
02050,22596
02060,406
02068,2219
02070,3439
02090,61820
02100,2006
02105,1756
02110,25348
02122,44941
02130,10738
02150,10075
02158,4878
02164,1244
02170,76010
02180,6521
02185,7250
02188,5001
02195,2521
02198,4922
02220,6799
02230,876
02240,5172
02261,6446
02275,1991
02282,478
02290,17190
04001,50920
04003,100281
04005,107251
04007,47939
04009,27123
04011,6867
04012,17288
04013,3146856
04015,170107
04017,72393
04019,785225
04021,401322
04023,34050
04025,189634
04027,154074
05001,14487
05003,15702
05005,36474
05007,183014
05009,27692
05011,8574
05013,3262
05015,22380
05017,6171
05019,19714
05021,11822
05023,20260
05025,5936
05027,17939
05029,15245
05031,80103
05033,44831
05035,36770
05037,12827
05039,6780
05041,9469
05043,16510
05045,93171
05047,17805
05049,8075
05051,83909
05053,11882
05055,32958
05057,14883
05059,23986
05061,11872
05063,27095
05065,8614
05067,15325
05069,54928
05071,19295
05073,6523
05075,11875
05077,7142
05079,11017
05081,9669
05083,16565
05085,56533
05087,16110
05089,13291
05091,33326
05093,31179
05095,5702
05097,7003
05099,6533
05101,6132
05103,19491
05105,8478
05107,14277
05109,7660
05111,18732
05113,15451
05115,49409
05117,5820
05119,297459
05121,15346
05123,19598
05125,87826
05127,6083
05129,6591
05131,96667
05133,12357
05135,15588
05137,9484
05139,30248
05141,12832
05143,175006
05145,59616
05147,5358
05149,16690
06001,1304482
06003,3475
06005,32081
06007,181910
06009,34895
06011,15765
06013,876691
06015,21470
06017,148561
06019,688101
06021,20558
06023,109605
06025,127242
06027,4126
06029,615822
06031,88953
06033,50744
06035,28610
06037,7847406
06039,113286
06041,206681
06043,13495
06045,68289
06047,188182
06049,7783
06051,21681
06053,309027
06055,111239
06057,62917
06059,2458319
06061,311523
06063,14213
06065,1770865
06067,1148755
06069,45834
06071,1561426
06073,2569436
06075,753147
06077,519004
06079,226546
06081,583364
06083,371348
06085,1507264
06087,234240
06089,133987
06091,4177
06093,34034
06095,338789
06097,400747
06099,394082
06101,71594
06103,53398
06105,10623
06107,346506
06109,46026
06111,632028
06113,169175
06115,54982
08001,377091
08003,12504
08005,436776
08007,10520
08009,2834
08011,5349
08013,229057
08014,53519
08015,16182
08017,1339
08019,24067
08021,6009
08023,2918
08025,4869
08027,3760
08029,23673
08031,556166
08033,1305
08035,240036
08037,33592
08039,21156
08041,515617
08043,39084
08045,32749
08047,4484
08049,12325
08051,13420
08053,665
08055,6848
08057,1048
08059,473747
08061,1032
08063,5932
08065,6318
08067,44833
08069,265500
08071,11636
08073,1828
08075,17033
08077,116395
08079,729
08081,9671
08083,20327
08085,32803
08087,20417
08089,12838
08091,3453
08093,13287
08095,3460
08097,25780
08099,8591
08101,127182
08103,14355
08105,8613
08107,20361
08109,5163
08111,447
08113,6926
08115,1811
08117,25398
08119,20222
08121,3869
08123,245390
08125,7224
09001,727503
09003,704274
09005,148289
09007,132665
09009,682585
09011,216695
09013,123906
09015,92962
10001,147150
10003,429514
10005,169405
11001,562761
12001,226299
12003,20995
12005,144361
12007,19496
12009,476078
12011,1500346
12013,11088
12015,154161
12017,121300
12019,155620
12021,299063
12023,55955
12027,29254
12029,12967
12031,715599
12033,251365
12035,86403
12037,9519
12039,35931
12041,13628
12043,26161
12045,13902
12047,10407
12049,20125
12051,31353
12053,143464
12055,85855
12057,1083035
12059,14324
12061,120012
12063,41035
12065,10646
12067,9666
12069,275504
12071,587736
12073,234070
12075,29604
12077,6972
12079,15566
12081,312752
12083,278145
12085,125013
12086,2161009
12087,64780
12089,64338
12091,158277
12093,15432
12095,1010175
12097,246622
12099,1158678
12101,390287
12103,798558
12105,523243
12107,54975
12109,183958
12111,257141
12113,126743
12115,344805
12117,369228
12119,113200
12121,30280
12123,18693
12125,12742
12127,436244
12129,25364
12131,50324
12133,18388
13001,13762
13003,7035
13005,7369
13007,1544
13009,35937
13011,21867
13013,60194
13015,78030
13017,13771
13019,14963
13021,105746
13023,10350
13025,12326
13027,11305
13029,28914
13031,55855
13033,13721
13035,21941
13037,4567
13039,39570
13043,8138
13045,102244
13047,38747
13049,10713
13051,227809
13053,14857
13055,20862
13057,193293
13059,94180
13061,2107
13063,191874
13065,4566
13067,563393
13069,32656
13071,32588
13073,117627
13075,13015
13077,104738
13079,4135
13081,16986
13083,11551
13085,22975
13087,20017
13089,587611
13091,19368
13093,11314
13095,73915
13097,106217
13099,8877
13101,9140
13103,39679
13105,15710
13107,18588
13109,8199
13111,20778
13113,87115
13115,70920
13117,115989
13119,21329
13121,836737
13123,23089
13125,2301
13127,65016
13129,43110
13131,16927
13133,13467
13135,606611
13137,28277
13139,145488
13141,7477
13143,19699
13145,33011
13147,18030
13149,6984
13151,172537
13153,108690
13155,6885
13157,66283
13159,9609
13161,11197
13163,12509
13165,6457
13167,7217
13169,37560
13171,13809
13173,5738
13175,35384
13177,19192
13179,46480
13181,6090
13183,9351
13185,84313
13187,22384
13189,15975
13191,11633
13193,10303
13195,20769
13197,7065
13199,14525
13201,4746
13205,19047
13207,17138
13209,4879
13211,13460
13213,27768
13215,142143
13217,79264
13219,27434
13221,13434
13223,83833
13225,28069
13227,22986
13229,14231
13231,14507
13233,34753
13235,10917
13237,16113
13239,1923
13241,13460
13243,5742
13245,148954
13247,66483
13249,3942
13251,10934
13253,6890
13255,47477
13257,18735
13259,5637
13261,23195
13263,3180
13265,1414
13267,21465
13269,7403
13271,10996
13273,6771
13275,33209
13277,27838
13279,23041
13281,10390
13283,4644
13285,47927
13287,6512
13289,4066
13291,18356
13293,18624
13295,63387
13297,87684
13299,28434
13301,4062
13303,15406
13305,22359
13307,1464
13309,6384
13311,23163
13313,78471
13315,6631
13317,8177
13319,9463
13321,16458
15001,154438
15003,776609
15005,71
15007,55646
15009,128754
16001,326365
16003,3269
16005,50019
16007,4219
16009,7335
16011,30407
16013,16654
16015,4054
16017,32640
16019,77993
16021,8809
16023,2271
16025,571
16027,149555
16029,5915
16031,16485
16033,714
16035,6786
16037,1535
16039,31607
16041,8871
16043,8090
16045,12696
16047,8715
16049,14231
16051,17896
16053,16259
16055,119172
16057,31650
16059,8006
16061,1639
16063,3753
16065,29333
16067,15186
16069,32093
16071,3057
16073,10298
16075,16109
16077,18676
16079,9955
16081,8159
16083,61874
16085,8565
16087,7641
17001,51357
17003,4875
17005,14959
17007,37865
17009,5600
17011,25719
17013,3725
17015,12139
17017,10241
17019,170185
17021,26295
17023,13100
17025,10930
17027,25027
17029,41818
17031,4070300
17033,15370
17035,8650
17037,85708
17039,12319
17041,13289
17043,768182
17045,13630
17047,4055
17049,25446
17051,17572
17053,10344
17055,31676
17057,28654
17059,3708
17061,10685
17063,29057
17065,5961
17067,15032
17069,2801
17071,5094
17073,37159
17075,20944
17077,46629
17079,7573
17081,30228
17083,19980
17085,17485
17087,10163
17089,363990
17091,86256
17093,69634
17095,41112
17097,520612
17099,84964
17101,13040
17103,28348
17105,26553
17107,23475
17109,25319
17111,247105
17113,136154
17115,83363
17117,33172
17119,210347
17121,34366
17123,8093
17125,9410
17127,11081
17129,9605
17131,13383
17133,30708
17135,22805
17137,27737
17139,12981
17141,38372
17143,140921
17145,18088
17147,12036
17149,12551
17151,3763
17153,4709
17155,4573
17157,21482
17159,12200
17161,113214
17163,196771
17165,19689
17167,152931
17169,5480
17171,3649
17173,15779
17175,4587
17177,36446
17179,107774
17181,13001
17183,59845
17185,9040
17187,12241
17189,10565
17191,12197
17193,12271
17195,44734
17197,502114
17199,53188
17201,219456
17203,26117
18001,23733
18003,269691
18005,61757
18007,5511
18009,9550
18011,46623
18013,14990
18015,12116
18017,29232
18019,90616
18021,20358
18023,24654
18025,8526
18027,21555
18029,38215
18031,20528
18033,33071
18035,93285
18037,32815
18039,146606
18041,17489
18043,57719
18045,15096
18047,13596
18049,15191
18051,26691
18053,54046
18055,25028
18057,222621
18059,58640
18061,31296
18063,108724
18065,39216
18067,66571
18069,30309
18071,34437
18073,27761
18075,16121
18077,28192
18079,20168
18081,107217
18083,29614
18085,57714
18087,25364
18089,373572
18091,92429
18093,36757
18095,101584
18097,719630
18099,34842
18101,9409
18103,24540
18105,121303
18107,29768
18109,58861
18111,8444
18113,34405
18115,4012
18117,14537
18119,17296
18121,13274
18123,14162
18125,9166
18127,124441
18129,16636
18131,10090
18133,27800
18135,19820
18137,26291
18139,13180
18141,205671
18143,17890
18145,39093
18147,14177
18149,16245
18151,28130
18153,16703
18155,6979
18157,150472
18159,11187
18161,5535
18163,144298
18165,12011
18167,83699
18169,25351
18171,6018
18173,49074
18175,19792
18177,52394
18179,21175
18181,20651
18183,27904
19001,5238
19003,2716
19005,12730
19007,9924
19009,4414
19011,19134
19013,106531
19015,21345
19017,20000
19019,13710
19021,15000
19023,12035
19025,8203
19027,14427
19029,10748
19031,18691
19033,33609
19035,8965
19037,9320
19039,6955
19041,12554
19043,12712
19045,36063
19047,12569
19049,65489
19051,6502
19053,6382
19055,15317
19057,30407
19059,13911
19061,69217
19063,7626
19065,15117
19067,12272
19069,8720
19071,5503
19073,6979
19075,8556
19077,9095
19079,11336
19081,8043
19083,12760
19085,11204
19087,15789
19089,8042
19091,7106
19093,5492
19095,12386
19097,15655
19099,27642
19101,15308
19103,119405
19105,17872
19107,7189
19109,11394
19111,28150
19113,168327
19115,7712
19117,6616
19119,8455
19121,16710
19123,15871
19125,25187
19127,30054
19129,10576
19131,7505
19133,6972
19135,5695
19137,8679
19139,30044
19141,6978
19143,4596
19145,12185
19147,7299
19149,23925
19151,5501
19153,349347
19155,71056
19157,15350
19159,3717
19161,7421
19163,131659
19165,8780
19167,29291
19169,79869
19171,13357
19173,4952
19175,9191
19177,4930
19179,27299
19181,35082
19183,14502
19185,4464
19187,28730
19189,9239
19191,16055
19193,70508
19195,5728
19197,10076
20001,9614
20003,6008
20005,12074
20007,3819
20009,19842
20011,10865
20013,7508
20015,49623
20017,1871
20019,2478
20021,16320
20023,2101
20025,1591
20027,5909
20029,7187
20031,6534
20033,1418
20035,27028
20037,31131
20039,2249
20041,11210
20043,5913
20045,96874
20047,2286
20049,2041
20051,20635
20053,5228
20055,25431
20057,23813
20059,19908
20061,20195
20063,2127
20065,2114
20067,5254
20069,4079
20071,889
20073,5526
20075,1841
20077,4270
20079,27338
20081,3366
20083,1320
20085,9971
20087,14451
20089,2294
20091,435553
20093,2704
20095,5264
20097,2002
20099,13931
20101,1273
20103,65745
20105,2326
20107,7658
20109,2233
20111,26009
20113,22582
20115,8884
20117,7583
20119,3124
20121,28338
20123,4712
20125,25642
20127,5880
20129,2151
20131,7585
20133,12330
20135,2400
20137,4611
20139,12414
20141,2833
20143,5476
20145,5951
20147,4125
20149,14776
20151,6689
20153,1901
20155,48107
20157,3678
20159,7400
20161,69522
20163,4153
20165,2755
20167,5487
20169,41974
20171,3660
20173,373430
20175,15382
20177,136065
20179,1586
20181,4503
20183,2918
20185,3037
20187,1518
20189,3999
20191,22384
20193,6125
20195,4129
20197,4841
20199,1208
20201,4529
20203,1624
20205,6251
20207,2098
20209,112664
21001,14578
21003,15066
21005,16650
21007,8528
21009,31129
21011,9440
21013,21381
21015,98249
21017,14736
21019,40724
21021,24511
21023,6294
21025,9811
21027,15394
21029,49561
21031,9325
21033,9778
21035,31501
21037,72542
21039,3812
21041,7431
21043,21797
21045,14390
21047,43177
21049,27488
21051,15859
21053,7810
21055,6610
21057,5293
21059,74184
21061,5861
21063,4756
21065,11329
21067,252641
21069,11367
21071,27993
21073,40515
21075,5743
21077,3570
21079,14028
21081,20959
21083,28185
21085,20260
21087,8460
21089,25729
21091,6712
21093,77866
21095,21016
21097,14088
21099,15172
21101,35412
21103,12307
21105,4018
21107,35453
21109,10391
21111,602008
21113,38805
21115,17341
21117,122099
21119,13205
21121,19451
21123,8012
21125,39551
21127,12347
21129,5143
21131,7969
21133,15330
21135,10150
21137,15869
21139,7441
21141,21375
21143,6740
21145,47979
21147,13680
21149,7365
21151,70735
21153,9789
21155,14754
21157,24439
21159,9175
21161,13761
21163,25906
21165,5051
21167,17411
21169,8394
21171,8864
21173,21051
21175,11324
21177,24321
21179,35509
21181,5624
21183,19588
21185,57475
21187,8334
21189,3800
21191,10311
21193,21750
21195,50083
21197,9194
21199,50668
21201,1507
21203,12336
21205,19882
21207,13771
21209,39814
21211,32150
21213,14567
21215,13077
21217,20729
21219,8563
21221,10436
21223,7875
21225,12055
21227,101742
21229,8480
21231,15736
21233,10631
21235,38959
21237,5510
21239,20473
22001,60555
22003,19703
22005,88373
22007,32136
22009,30804
22011,29084
22013,9780
22015,92021
22017,190881
22019,127170
22021,8191
22023,25198
22025,8962
22027,12294
22029,14001
22031,20618
22033,342073
22035,5745
22037,16724
22039,21773
22041,14373
22043,17261
22045,55833
22047,24307
22049,13572
22051,339491
22053,28560
22055,185442
22057,74911
22059,11048
22061,38729
22063,99855
22065,13541
22067,19996
22069,30844
22071,310908
22073,111679
22075,17239
22077,18675
22079,99848
22081,6254
22083,10519
22085,17633
22087,33372
22089,38383
22091,4080
22093,17080
22095,33655
22097,52059
22099,35433
22101,23439
22103,190960
22105,103718
22107,3544
22109,84231
22111,20891
22113,41250
22115,36834
22117,35602
22119,31429
22121,19656
22123,8776
22125,12838
22127,11059
23001,83915
23003,56716
23005,235579
23007,24002
23009,47528
23011,97711
23013,32604
23015,28366
23017,46889
23019,116949
23021,18863
23023,28511
23025,39604
23027,31959
23029,25177
23031,164003
24001,55389
24003,446092
24005,648076
24009,67500
24011,25940
24013,118590
24015,78933
24017,119673
24019,24831
24021,198704
24023,27708
24025,193544
24027,242390
24029,20250
24031,804034
24033,696142
24035,34474
24037,82752
24039,20190
24041,30359
24043,120109
24045,79211
24047,44214
24510,480153
25001,182421
25003,105195
25005,442308
25007,14652
25009,612210
25011,58023
25013,366051
25015,137888
25017,1266188
25019,8770
25021,561460
25023,397147
25025,652659
25027,645264
26001,10240
26003,7036
26005,111476
26007,21851
26009,18502
26011,11017
26013,6996
26015,38630
26017,79768
26019,18500
26021,129770
26023,33999
26025,103502
26027,33015
26029,21861
26031,18073
26033,31147
26035,26689
26037,64440
26039,9522
26041,28639
26043,20524
26045,92215
26047,28352
26049,298551
26051,24485
26053,13101
26055,74669
26057,34675
26059,33170
26061,29743
26063,23486
26065,225324
26067,49218
26069,21477
26071,9334
26073,56114
26075,124487
26077,201697
26079,14075
26081,478391
26083,1572
26085,9347
26087,66784
26089,13385
26091,78959
26093,150066
26095,5367
26097,8368
26099,681170
26101,20183
26103,56089
26105,21500
26107,32961
26109,18274
26111,63335
26113,10140
26115,122742
26117,50961
26119,5892
26121,133917
26123,33380
26125,1002024
26127,20865
26129,15908
26131,4852
26133,20782
26135,8501
26137,18815
26139,200180
26141,11771
26143,22387
26145,150510
26147,126558
26149,46043
26151,34314
26153,6953
26155,56907
26157,43465
26159,60501
26161,285670
26163,1337087
26165,25121
27001,15476
27003,276913
27005,24740
27007,33817
27009,23488
27011,3972
27013,53675
27015,20862
27017,29090
27019,69122
27021,27622
27023,8678
27025,40167
27027,47883
27029,8829
27031,4495
27033,8573
27035,46507
27037,316417
27039,14946
27041,26753
27043,10596
27045,17302
27047,22788
27049,36449
27051,4946
27053,969079
27055,15282
27057,14706
27059,27213
27061,34564
27063,7430
27065,11768
27067,31859
27069,3439
27071,10856
27073,5299
27075,13549
27077,2915
27079,26619
27081,4083
27083,19914
27085,28278
27087,4440
27089,4789
27091,15807
27093,17041
27095,24073
27097,23730
27099,30038
27101,6189
27103,25859
27105,15323
27107,4841
27109,113753
27111,42847
27113,11171
27115,22452
27117,7533
27119,25733
27121,9978
27123,415165
27125,3213
27127,11702
27129,11529
27131,52732
27133,6723
27135,11980
27137,155744
27139,95328
27141,77613
27143,10372
27145,125983
27147,27966
27149,7846
27151,7304
27153,20034
27155,1904
27157,17123
27159,11871
27161,14903
27163,176697
27165,8228
27167,5015
27169,40861
27171,82241
27173,8426
28001,24744
28003,27305
28005,8155
28007,15451
28009,6516
28011,24777
28013,10710
28015,6050
28017,14089
28019,6367
28021,6033
28023,10894
28025,15235
28027,17315
28029,23844
28031,16051
28033,128260
28035,50283
28037,5619
28039,20169
28041,9561
28043,16589
28045,32581
28047,161685
28049,182403
28051,11719
28053,6178
28055,3343
28057,23025
28059,98684
28061,13974
28063,6473
28065,9896
28067,49539
28069,9532
28071,41480
28073,56395
28075,59696
28077,10034
28079,17869
28081,57728
28083,22142
28085,23463
28087,45621
28089,78605
28091,20001
28093,29630
28095,24014
28097,8944
28099,23503
28101,14243
28103,7926
28105,40246
28107,26472
28109,43537
28111,10632
28113,30796
28115,24383
28117,21392
28119,5328
28121,114465
28123,21241
28125,1088
28127,19986
28129,10411
28131,16507
28133,20063
28135,10735
28137,22141
28139,18957
28141,15088
28143,7320
28145,19819
28147,9501
28149,35566
28151,34994
28153,12267
28155,7868
28157,7585
28159,12967
28161,11527
28163,21211
29001,21519
29003,19216
29005,4229
29007,24833
29009,38343
29011,8663
29013,10836
29015,15644
29017,8950
29019,135792
29021,61559
29023,31620
29025,6829
29027,34496
29029,37212
29031,60055
29033,7015
29035,4984
29037,75172
29039,10585
29041,7150
29043,62648
29045,4650
29047,185288
29049,22294
29051,57857
29053,13720
29055,17413
29057,6065
29059,12279
29061,5929
29063,4252
29065,11739
29067,8504
29069,22735
29071,85832
29073,12578
29075,5337
29077,236377
29079,7658
29081,6233
29083,18517
29085,7678
29087,3510
29089,7580
29091,30949
29093,7910
29095,530821
29097,75442
29099,151578
29101,40955
29103,3482
29105,26613
29107,25332
29109,15861
29111,8054
29113,39977
29115,7382
29117,11566
29119,16595
29121,11867
29123,10071
29125,10809
29127,26052
29129,2777
29131,16775
29133,11007
29135,13288
29137,4606
29139,7435
29141,16348
29143,11765
29145,57102
29147,18693
29149,7806
29151,8931
29153,8480
29155,12194
29157,14717
29159,31106
29161,36610
29163,15456
29165,74547
29167,24737
29169,39206
29171,3431
29173,5566
29175,20614
29177,14833
29179,4047
29181,10736
29183,298184
29185,7226
29186,12780
29187,54144
29189,798569
29195,17935
29197,2888
29199,2928
29201,32400
29203,8350
29205,4697
29207,23140
29209,25855
29211,5123
29213,44278
29215,17879
29217,15579
29219,26292
29221,17800
29223,11582
29225,22236
29227,1760
29229,15815
29510,242426
30001,7662
30003,8480
30005,4505
30007,4079
30009,8191
30011,1046
30013,63464
30015,3597
30017,9245
30019,1374
30021,7221
30023,7950
30025,2125
30027,8937
30029,71662
30031,82315
30033,891
30035,9370
30037,574
30039,3995
30041,12722
30043,9649
30045,1606
30047,27721
30049,52852
30051,2054
30053,15827
30055,1341
30057,7933
30059,1663
30061,4150
30063,90020
30065,3594
30067,13178
30069,296
30071,3393
30073,4470
30075,2174
30077,6057
30079,1041
30081,34560
30083,9523
30085,7254
30087,6332
30089,9523
30091,2872
30093,27654
30095,7626
30097,3300
30099,4584
30101,3856
30103,726
30105,5514
30107,1610
30109,839
30111,120354
31001,23646
31003,5424
31005,257
31007,330
31009,395
31011,4097
31013,8446
31015,1632
31017,2395
31019,38168
31021,4988
31023,5996
31025,19535
31027,6230
31029,3062
31031,6913
31033,7555
31035,5133
31037,7055
31039,6298
31041,8325
31043,13941
31045,7198
31047,16816
31049,1508
31051,4345
31053,29619
31055,412993
31057,1416
31059,4487
31061,2967
31063,3851
31065,2776
31067,17115
31069,1644
31071,1787
31073,1609
31075,351
31077,1276
31079,45162
31081,6679
31083,2382
31085,429
31087,2404
31089,7773
31093,4773
31095,5583
31097,4197
31099,4009
31101,6406
31103,523
31105,2931
31107,6797
31109,238281
31111,26725
31113,702
31115,318
31117,279
31119,27950
31121,4932
31123,3794
31125,3614
31127,5510
31129,3326
31131,11534
31133,2110
31135,2116
31137,6916
31139,4899
31141,24687
31143,3701
31145,8338
31147,6380
31149,1177
31151,10773
31153,128845
31155,15347
31157,23149
31159,12799
31161,2339
31163,2332
31165,4935
31167,3148
31169,4100
31171,613
31173,5574
31175,3346
31177,14084
31179,7133
31181,2859
31183,1211
31185,10654
32001,18493
32003,1637308
32005,38132
32007,36320
32009,769
32011,3022
32013,12494
32015,4159
32017,4317
32019,42216
32021,3822
32023,35996
32027,4876
32029,755
32031,352070
32033,7711
32510,44537
33001,46279
33003,39748
33005,63033
33007,26457
33009,75032
33011,324791
33013,122994
33015,244186
33017,104219
33019,34055
34001,209703
34003,730591
34005,347188
34007,401452
34009,77642
34011,120517
34013,605267
34015,210789
34017,530973
34019,101824
34021,297942
34023,653447
34025,475848
34027,379562
34029,450222
34031,382366
34033,50866
34035,240326
34037,114220
34039,439509
34041,88189
35001,519614
35003,3007
35005,48450
35006,22699
35007,10015
35009,36703
35011,1512
35013,156432
35015,42102
35017,22095
35019,3229
35021,1190
35023,3462
35025,48961
35027,15881
35028,14188
35029,17850
35031,53538
35033,4149
35035,55063
35037,5825
35039,33063
35041,14338
35043,111964
35045,89874
35047,22327
35049,121697
35051,9277
35053,13271
35055,26451
35057,10972
35059,3418
35061,57175
36001,256494
36003,39083
36005,1077927
36007,159882
36009,60582
36011,60372
36013,101749
36015,65807
36017,34883
36019,65665
36021,48084
36023,38852
36025,32220
36027,238994
36029,730710
36031,29492
36033,43903
36035,42644
36037,46139
36039,41259
36041,6979
36043,42973
36045,87152
36047,2000988
36049,20021
36051,51329
36053,63383
36055,587009
36057,39934
36059,1045424
36061,1388663
36063,168735
36065,183220
36067,360492
36069,87562
36071,274237
36073,32442
36075,93833
36077,56781
36079,79196
36081,1834226
36083,128120
36085,369598
36087,233621
36089,85813
36091,177866
36093,113782
36095,26296
36097,19598
36099,25673
36101,74497
36103,1186766
36105,56665
36107,38941
36109,82437
36111,155641
36113,52372
36115,52065
36117,73991
36119,750814
36121,32463
36123,20352
37001,130465
37003,24589
37005,9386
37007,20451
37009,22247
37011,9469
37013,39404
37015,16744
37017,25855
37019,105979
37021,202037
37023,64934
37025,151623
37027,63438
37029,7680
37031,59343
37033,14241
37035,128057
37037,68071
37039,22641
37041,11223
37043,9164
37045,79865
37047,43995
37049,82251
37051,239166
37053,20294
37055,28832
37057,141163
37059,32652
37061,54990
37063,231535
37065,41738
37067,269216
37069,48025
37071,169433
37073,9310
37075,6870
37077,40194
37079,13808
37081,405160
37083,43320
37085,117198
37087,49370
37089,94853
37091,19225
37093,41108
37095,3861
37097,134242
37099,32409
37101,115402
37103,8418
37105,52758
37107,44943
37109,63718
37111,35931
37113,28240
37115,18110
37117,18513
37119,810020
37121,15334
37123,19704
37125,72068
37127,73049
37129,183545
37131,16429
37133,143365
37135,98611
37137,8969
37139,30740
37141,40772
37143,10716
37145,35363
37147,140276
37149,17277
37151,115217
37153,33888
37155,98447
37157,77439
37159,98735
37161,50266
37163,67096
37165,27529
37167,47054
37169,37598
37171,58986
37173,12904
37175,28383
37177,3468
37179,163400
37181,35163
37183,792627
37185,13722
37187,9675
37189,49776
37191,81624
37193,50366
37195,61991
37197,30446
37199,13813
38001,1684
38003,9069
38005,4133
38007,1732
38009,5296
38011,2664
38013,1630
38015,72768
38017,136416
38019,2890
38021,4210
38023,2027
38025,3251
38027,2237
38029,2771
38031,2475
38033,1462
38035,55926
38037,1877
38039,1671
38041,1239
38043,1793
38045,2764
38047,1512
38049,4305
38051,2138
38053,7593
38055,6710
38057,6674
38059,24581
38061,7572
38063,2619
38065,817
38067,5500
38069,3071
38071,9027
38073,3063
38075,2054
38077,12570
38079,9680
38081,3147
38083,1446
38085,2553
38087,1157
38089,22429
38091,2769
38093,16897
38095,1708
38097,4845
38099,8513
38101,52911
38103,3347
38105,24762
39001,24371
39003,85603
39005,40171
39007,76767
39009,47484
39011,34108
39013,54926
39015,30418
39017,283763
39019,29966
39021,29914
39023,103659
39025,163138
39027,36096
39029,84721
39031,25897
39033,21465
39035,993457
39037,39566
39039,28837
39041,143883
39043,62083
39045,133879
39047,19725
39049,969029
39051,36099
39053,23771
39055,67291
39057,158105
39059,29394
39061,633529
39063,53708
39065,26928
39067,12057
39069,20915
39071,31870
39073,28414
39075,29728
39077,55739
39079,24750
39081,54430
39083,48124
39085,182495
39087,47116
39089,120325
39091,32899
39093,231173
39095,329145
39097,41458
39099,183150
39101,51732
39103,135755
39105,21297
39107,30262
39109,77932
39111,10235
39113,390304
39115,11704
39117,32730
39119,70639
39121,12239
39123,31087
39125,13934
39127,29891
39129,42397
39131,19495
39133,137213
39135,30922
39137,26166
39139,94392
39141,59416
39143,40253
39145,59482
39147,47542
39149,34418
39151,281160
39153,430268
39155,154651
39157,74236
39159,35682
39161,17798
39163,10890
39165,156186
39167,46863
39169,88382
39171,29740
39173,103168
39175,17711
40001,16545
40003,4815
40005,10332
40007,5620
40009,17177
40011,7295
40013,35309
40015,23538
40017,95115
40019,36679
40021,35117
40023,11004
40025,1635
40027,205721
40029,4036
40031,92345
40033,4898
40035,13176
40037,50853
40039,21334
40041,34744
40043,3816
40045,4565
40047,46179
40049,22632
40051,49173
40053,3364
40055,4753
40057,2029
40059,1193
40061,10225
40063,10868
40065,18960
40067,5022
40069,8472
40071,35982
40073,10662
40075,7133
40077,7234
40079,39284
40081,24390
40083,31803
40085,7022
40087,17615
40089,24404
40091,15807
40093,5560
40095,12540
40097,29347
40099,10089
40101,56475
40103,8165
40105,8054
40107,9349
40109,602228
40111,32825
40113,59012
40115,22736
40117,12094
40119,67508
40121,32330
40123,29515
40125,52680
40127,8187
40129,3281
40131,57860
40133,20499
40135,31939
40137,34271
40139,15504
40141,5583
40143,478223
40145,55447
40147,29243
40149,7931
40151,7371
40153,14058
41001,12991
41003,68243
41005,312273
41007,30488
41009,40520
41011,51574
41013,17820
41015,19199
41017,141955
41019,86919
41021,1490
41023,5844
41025,5601
41027,16569
41029,168062
41031,11933
41033,70282
41035,50490
41037,6362
41039,299744
41041,40293
41043,102800
41045,23097
41047,258082
41049,8030
41051,639768
41053,66738
41055,1342
41057,21127
41059,57254
41061,20205
41063,5646
41065,22372
41067,452850
41069,1210
41071,74731
42001,73790
42003,981284
42005,50589
42007,129538
42009,38280
42011,328272
42013,100319
42015,49579
42017,486959
42019,151539
42021,108659
42023,3875
42025,51793
42027,141240
42029,421388
42031,30552
42033,61119
42035,29619
42037,60956
42039,61797
42041,201479
42043,212427
42045,441613
42047,24486
42049,218838
42051,95530
42053,7363
42055,111297
42057,11575
42059,30152
42061,35816
42063,72637
42065,36708
42067,16145
42069,168225
42071,410375
42073,71037
42075,106672
42077,283588
42079,253546
42081,97629
42083,33160
42085,91665
42087,36316
42089,133704
42091,623512
42093,16732
42095,234666
42097,68785
42099,37500
42101,1229391
42103,48038
42105,13996
42107,112050
42109,32664
42111,61265
42113,5121
42115,33737
42117,33153
42119,31416
42121,48920
42123,30870
42125,177367
42127,41738
42129,298104
42131,17623
42133,356073
44001,39533
44003,132529
44005,68554
44007,502636
44009,104490
45001,21680
45003,130334
45005,7691
45007,146547
45009,11112
45011,16879
45013,147286
45015,182006
45017,10998
45019,332129
45021,49565
45023,24776
45025,34131
45027,27919
45029,31300
45031,49642
45033,22639
45035,78172
45037,29627
45039,19448
45041,111817
45043,68610
45045,405588
45047,52015
45049,14896
45051,243196
45053,19463
45055,54747
45057,72060
45059,62709
45061,12361
45063,218768
45065,8270
45067,22969
45069,21583
45071,31312
45073,61361
45075,68030
45077,84737
45079,311598
45081,9037
45083,210701
45085,80568
45087,20051
45089,24378
45091,194968
46003,1906
46005,13841
46007,2136
46009,5828
46011,27527
46013,29810
46015,3803
46017,1086
46019,7771
46021,940
46023,6734
46025,2538
46027,10918
46029,21108
46031,2794
46033,6710
46035,15753
46037,4333
46039,4045
46041,6810
46043,2359
46045,2594
46047,6368
46049,1666
46051,6305
46053,3122
46055,1694
46057,3126
46059,2816
46061,1941
46063,950
46065,13555
46067,5605
46069,1049
46071,2091
46073,1160
46075,585
46077,4484
46079,9687
46081,20530
46083,36982
46085,2675
46087,4222
46089,2192
46091,3460
46093,60368
46095,1398
46097,1986
46099,143947
46101,4302
46102,9162
46103,43893
46105,3098
46107,2016
46109,7448
46111,2119
46115,4928
46117,2260
46119,821
46121,5960
46123,4473
46125,5962
46127,9514
46129,1327
46135,18193
46137,1059
47001,58491
47003,35994
47005,13249
47007,13096
47009,96031
47011,80277
47013,31609
47015,8591
47017,24385
47019,36365
47021,29592
47023,11886
47025,27286
47027,5420
47029,28737
47031,24721
47033,7150
47035,44617
47037,552440
47039,8330
47041,16091
47043,40297
47045,27273
47047,31440
47049,14249
47051,49668
47053,37064
47055,20610
47057,19539
47059,53963
47061,8686
47063,45284
47065,270432
47067,4195
47069,20460
47071,18407
47073,42718
47075,17398
47077,21277
47079,25315
47081,20659
47083,6156
47085,14797
47087,7468
47089,50865
47091,15708
47093,358897
47095,6806
47097,20109
47099,33863
47101,8710
47103,29319
47105,46654
47107,39873
47109,22585
47111,14895
47113,78844
47115,36639
47117,24541
47119,81450
47121,12666
47123,36373
47125,149818
47127,2405
47129,21521
47131,23398
47133,13181
47135,6140
47137,3060
47139,13736
47141,68741
47143,25221
47145,36908
47147,55310
47149,229017
47151,15683
47153,9049
47155,78922
47157,705336
47159,12992
47161,10722
47163,128840
47165,126102
47167,41196
47169,7586
47171,14441
47173,11974
47175,4024
47177,32680
47179,110794
47181,13889
47183,25725
47185,20575
47187,154455
47189,95591
48001,48609
48003,12299
48005,65208
48007,18152
48009,18629
48011,1445
48013,35872
48015,19856
48017,6269
48019,17626
48021,61514
48023,2839
48025,25115
48027,235951
48029,1444171
48031,8547
48033,1338
48035,14453
48037,71112
48039,274517
48041,174171
48043,7434
48045,1247
48047,5526
48049,29017
48051,13790
48053,30041
48055,30453
48057,16231
48059,9773
48061,290683
48063,10694
48065,7755
48067,24000
48069,4998
48071,25899
48073,48116
48075,6030
48077,8831
48079,2083
48081,2424
48083,6634
48085,687525
48087,3869
48089,17001
48091,63580
48093,9961
48095,3843
48097,27507
48099,66849
48101,1043
48103,3313
48105,3578
48107,4259
48109,1671
48111,8760
48113,1943763
48115,9644
48117,13466
48119,3759
48121,605174
48123,20695
48125,1798
48127,7455
48129,2684
48131,8730
48133,15249
48135,103545
48137,2878
48139,129750
48141,552565
48143,32052
48145,16343
48147,26292
48149,19075
48151,2977
48153,4263
48155,1169
48157,505985
48159,7786
48161,13388
48163,15085
48165,17507
48167,263304
48169,5207
48171,20918
48173,946
48175,4932
48177,15416
48179,17111
48181,100843
48183,96586
48185,22182
48187,128542
48189,25475
48191,605
48193,8324
48195,4099
48197,3083
48199,42753
48201,3374293
48203,58847
48205,723
48207,4606
48209,174228
48211,2906
48213,56376
48215,566969
48217,26731
48219,33519
48221,46961
48223,26485
48225,19330
48227,28888
48229,55618
48231,62905
48233,12846
48235,1100
48237,6512
48239,10666
48241,28068
48243,1803
48245,193338
48247,3727
48249,27384
48251,130796
48253,31693
48255,11168
48257,92957
48259,42844
48261,413
48263,582
48265,41071
48267,3276
48269,156
48271,3020
48273,23700
48275,2641
48277,37485
48279,8643
48281,17526
48283,4551
48285,11034
48287,12911
48289,15852
48291,58138
48293,20060
48295,2524
48297,10148
48299,20448
48301,78
48303,211867
48305,3294
48307,6177
48309,183252
48311,657
48313,10649
48315,8239
48317,3924
48319,3105
48321,27293
48323,39365
48325,34174
48327,1763
48329,125162
48331,18418
48333,3668
48335,6938
48337,16030
48339,399869
48341,14920
48343,8408
48345,799
48347,51070
48349,35331
48351,7721
48353,11707
48355,270269
48357,6987
48359,992
48361,65673
48363,21039
48365,17100
48367,110307
48369,6701
48371,10822
48373,37958
48375,80432
48377,5174
48379,8144
48381,108363
48383,2636
48385,1562
48387,10296
48389,11795
48391,5513
48393,473
48395,11989
48397,68722
48399,6605
48401,34050
48403,7210
48405,7701
48407,25584
48409,52401
48411,4724
48413,3705
48415,12916
48417,2493
48419,19467
48421,1695
48423,157321
48425,6674
48427,42913
48429,6899
48431,814
48433,1052
48435,2929
48437,5152
48439,1416632
48441,88233
48443,935
48445,9124
48447,1112
48449,21653
48451,88998
48453,961982
48455,11386
48457,17091
48459,24774
48461,2570
48463,19811
48465,34912
48467,39733
48469,68683
48471,61564
48473,32489
48475,8348
48477,27802
48479,181827
48481,30310
48483,3935
48485,89778
48487,9835
48489,16460
48491,350388
48493,35204
48495,5389
48497,45973
48499,37970
48501,1306
48503,14210
48505,9336
48507,8561
49001,4458
49003,36794
49005,84738
49007,14925
49009,479
49011,223908
49013,14845
49015,7130
49017,4022
49019,7987
49021,34868
49023,6560
49025,5536
49027,8690
49029,7328
49031,1434
49033,1496
49035,810192
49037,9920
49039,21773
49041,14774
49043,41502
49045,43089
49047,22529
49049,386924
49051,19478
49053,117229
49055,1731
49057,181485
50001,29317
50003,28847
50005,24371
50007,134419
50009,5401
50011,36138
50013,5730
50015,19636
50017,23278
50019,21416
50021,49721
50023,48048
50025,34902
50027,45407
51001,25861
51003,118175
51005,16547
51007,9669
51009,25159
51011,11612
51013,191451
51015,99889
51017,4272
51019,92269
51021,5208
51023,19420
51025,14089
51027,18688
51029,18808
51031,58979
51033,22487
51035,19106
51036,4006
51037,7148
51041,276103
51043,13124
51045,3191
51047,35920
51049,4377
51051,11487
51053,59410
51057,7968
51059,893840
51061,55329
51063,12398
51065,20161
51067,42745
51069,63388
51071,14069
51073,28562
51075,36545
51077,23776
51079,13476
51081,12954
51083,28203
51085,103140
51087,267519
51089,54720
51091,1851
51093,28003
51095,80218
51097,6198
51099,19294
51101,15064
51103,7575
51105,17777
51107,272760
51109,32398
51111,10531
51113,10974
51115,7714
51117,25544
51119,10211
51121,81095
51125,13513
51127,19339
51131,9585
51133,12158
51135,12884
51137,27863
51139,18695
51141,14491
51143,79880
51145,22167
51147,21687
51149,42009
51153,333454
51155,43079
51157,8324
51159,7457
51161,98518
51163,29108
51165,100871
51167,26931
51169,18334
51171,35374
51173,25260
51175,21119
51177,94156
51179,110073
51181,5159
51183,11264
51185,27710
51187,26548
51191,43548
51193,13990
51195,36975
51197,23075
51199,39105
51510,122717
51520,12854
51550,180110
51610,13589
51630,22517
51650,106485
51660,3187
51680,37871
51683,36041
51700,141053
51710,196793
51735,9329
51740,72901
51750,2859
51760,115873
51770,67529
51800,67189
51810,349026
51830,239
51840,22197
53001,13965
53003,17728
53005,155943
53007,57667
53009,57902
53011,333246
53013,3094
53015,83184
53017,31871
53019,5061
53021,60266
53023,1711
53025,63892
53027,57863
53029,66566
53031,30547
53033,1727268
53035,208110
53037,37025
53039,16576
53041,61242
53043,8623
53045,49087
53047,32562
53049,18333
53051,10050
53053,650074
53055,14116
53057,97679
53059,25138
53061,603249
53063,392730
53065,29605
53067,213625
53069,3304
53071,47455
53073,172405
53075,41430
53077,161308
54001,13031
54003,86801
54005,17255
54007,12189
54009,15452
54011,76394
54013,6231
54015,6229
54017,10302
54019,37032
54021,6763
54023,9005
54025,28337
54027,19432
54029,27016
54031,11326
54033,50301
54035,23637
54037,44705
54039,151115
54041,13622
54043,16257
54045,27439
54047,15296
54049,45759
54051,22308
54053,19883
54055,48074
54057,21882
54059,19910
54061,88212
54063,10483
54065,12069
54067,19574
54069,38068
54071,5742
54073,5690
54075,7051
54077,27137
54079,40601
54081,62123
54083,23652
54085,8905
54087,9698
54089,8140
54091,11587
54093,5539
54095,5888
54097,19844
54099,33358
54101,6818
54103,13172
54105,4493
54107,67680
54109,17004
55001,27394
55003,13538
55005,34083
55007,10391
55009,190993
55011,11189
55013,11653
55015,71750
55017,48193
55019,23139
55021,44225
55023,12536
55025,418858
55027,57597
55029,22467
55031,35215
55033,35122
55035,83990
55037,2671
55039,87250
55041,7650
55043,41046
55045,23299
55047,9077
55049,17243
55051,4754
55053,16906
55055,59422
55057,21541
55059,122690
55061,16289
55063,94955
55065,12074
55067,15049
55069,25372
55071,62253
55073,98829
55075,32720
55077,11379
55078,2999
55079,723182
55081,31593
55083,29418
55085,25915
55087,128065
55089,70272
55091,5913
55093,38233
55095,35330
55097,54825
55099,10960
55101,158033
55103,15977
55105,128366
55107,9624
55109,59854
55111,48180
55113,13419
55115,35404
55117,89306
55119,16731
55121,22927
55123,21722
55125,20214
55127,81677
55129,14176
55131,104205
55133,314694
55135,43502
55137,24014
55139,117236
55141,58703
56001,31366
56003,8775
56005,34531
56007,11967
56009,10554
56011,5487
56013,29867
56015,10602
56017,3745
56019,6691
56021,74957
56023,12883
56025,61201
56027,1877
56029,23968
56031,7009
56033,23467
56035,7455
56037,32308
56039,17762
56041,4450
56043,6279
56045,5755
72001,13491
72003,31121
72005,43211
72007,20969
72009,18831
72011,21766
72013,69992
72015,13954
72017,18790
72019,22075
72021,149869
72023,39523
72025,108118
72027,25844
72029,40493
72031,124304
72033,15062
72035,38416
72037,10014
72039,13121
72041,28765
72043,30791
72045,14281
72047,26051
72049,1034
72051,28963
72053,25323
72054,11562
72055,13284
72057,31956
72059,14864
72061,78605
72063,36583
72065,32416
72067,13282
72069,42798
72071,32219
72073,11593
72075,34640
72077,31174
72079,19181
72081,21816
72083,6725
72085,29259
72087,15585
72089,14734
72091,31518
72093,5185
72095,8790
72097,64439
72099,28967
72101,24360
72103,19709
72105,23067
72107,16540
72109,13992
72111,17413
72113,113500
72115,20734
72117,11704
72119,40946
72121,18256
72123,22651
72125,24528
72127,284519
72129,30167
72131,30524
72133,16927
72135,55895
72137,65333
72139,46722
72141,22068
72143,27839
72145,43304
72147,6867
72149,18017
72151,27244
72153,29116
